{
  "last_symbolic_pass_rate": 1.0,
  "last_run": "2026-03-10T03:46:07.662322Z",
  "benchmark_problems": 200,
  "solve_rate": 1.0,
  "timestamp": 1774190160.984119,
  "passed": 180,
  "total": 180
}