{
  "alpha": 0.1,
  "eta": 0.01,
  "utilities": {
    "const_fold": 2.157269473914397,
    "synth_distribution_+_identity": 4.400396397475328,
    "synth_distribution_*_identity": 4.8767373771595235,
    "synth_logic_basics_and_identity": 1.8179779225119286,
    "synth_logic_basics_or_identity": 1.7332799999999993,
    "macro_add_mul_8da76e79": 13.203533990112517,
    "synth_logic_not_involution": 3.1914021137092687,
    "multiply_equation_solve": 1.5000283142953208,
    "synth_distribution_*_annihilation": 1.3843467277878272,
    "power_zero_elim": 2.258690775043493,
    "distributive_expand": 0.217919892075152,
    "linear_equation_solve": 1.5000000000000027,
    "double_neg": 3.1989949356457745,
    "trig_zero": 0.7500000000000013,
    "synth_distribution_neg_involution": 2.2080179003787235,
    "commutativity_canonicalize": 0.0013352420326356973,
    "integ_linear": 4.024999999999996,
    "synth_distribution_^_identity": 2.4107702432598908,
    "algebraic_factor": 2.8445170976396588,
    "synth_distribution_-_identity": 1.5966130992003809,
    "combine_like_terms": 3.907913931481476,
    "zero_div": 1.85532833075266,
    "division_self_elim": 3.0999767446569155,
    "concept_subtractive_self": 3.6570027780542858,
    "synth_distribution_/_identity": 2.2632386404433817,
    "concept_double_negation_logic": 2.3120215932180104,
    "learned_discovered_^_0_identity": 1.279137678670917,
    "self_subtraction": 2.5860523398181194,
    "macro_add_const_f9f3d713": 5.75072223684567,
    "learned_discovered_+_0_annihilation": 4.525296825465034,
    "learned_discovered_^_0_annihilation": 1.832553556989828,
    "additive_cancellation": 6.780496038981437,
    "learned_discovered_-_1_identity": 1.5049448821767784,
    "learned_discovered_-_10_annihilation": 2.2248377226723064,
    "learned_discovered_+_1_identity": 2.918723430216007,
    "learned_discovered_*_0_identity": 1.9358847134036745,
    "synth_algebra_+_identity": 2.730071331000001,
    "add_zero_elim": 4.395013432307754,
    "synth_arithmetic_+_self_inverse": 4.114493927914336,
    "learned_discovered_-_20_annihilation": 1.9577560529088947,
    "deriv_sin": 3.749934648998212,
    "perfect_square_trinomial": 3.600000000000002,
    "synth_arithmetic_*_self_inverse": 2.218254922849055,
    "synth_logic_or_annihilation": 1.449588658792351,
    "synth_logic_and_annihilation": 1.2387743096834056,
    "deriv_power_rule": 3.796901490810928,
    "bool_idempotent": 3.4638051246043684,
    "bool_or_false": 1.4999325270566293,
    "synth_factoring_+_identity": 2.908672326951691,
    "synth_factoring_*_identity": 3.4648880008612513,
    "concept_contradiction": 3.7222495868032053,
    "synth_algebra_*_identity": 1.5540201000000005,
    "mul_one_elim": 2.7791537832741007,
    "bool_and_true": 0.9308266890000002,
    "power_product": 0.999667010363468,
    "deriv_linear": 2.191999998571348,
    "learned_identity_law_for_or": 0.4065000000000001,
    "bool_or_true": 0.271,
    "add_assoc_fold": 0.9037300000000001,
    "learned_discovered_+_20_annihilation": 4.641978697069718,
    "cos_zero": 0.9352946617650002,
    "learned_discovered_and_0_annihilation": 2.0871816832741343,
    "learned_additive_identity": 3.89274878442564,
    "learned_discovered_+_10_annihilation": 4.017554127634002,
    "learned_discovered_*_1_identity": 0.8849999999999999,
    "concept_multiplicative_identity": 3.4017891352468705,
    "concept_additive_identity_commuted": 0.7010000000000001,
    "learned_discovered_or_0_annihilation": 1.7902444285891677,
    "equation_solve": 0.23085000000000006,
    "implies_expansion": 0.0,
    "learned_discovered_neg_self_cancel": 0.20325000000000004,
    "learned_discovered_-_0_annihilation": 2.5904535567720184,
    "synth_factoring_/_identity": 0.22999999999999998,
    "concept_additive_identity": 1.3412100000000002,
    "synth_arithmetic_-_self_inverse": 1.5426160757595793,
    "learned_discovered_+_0_identity": 2.8171828269516905,
    "learned_discovered_neg_0_annihilation": 0.07500000000000001,
    "learned_discovered_/_1_identity": 0.15000000000000002,
    "equation_subtract_const": 1.5001528007921276,
    "quadratic_solve": 1.499999999999997,
    "learned_discovered_and_1_identity": 0.28500000000000003,
    "learned_discovered_double_not_elimination": 3.1000732479932505,
    "learned_discovered_and_0_identity": 0.7359941850000001,
    "learned_discovered_-_15_identity": 0.4065000000000001,
    "chemistry_ideal_gas_pv_nrt": 0.0,
    "learned_discovered_or_1_identity": 0.28500000000000003,
    "chemistry_stoich_coeff_one": 3.923028135198554,
    "synth_factoring_neg_involution": 0.0,
    "deriv_sum_rule": 0.19764000000000004,
    "deriv_const_zero": 0.13049999999999995,
    "deriv_product_rule": 0.0,
    "deriv_cos": 0.694,
    "deriv_ln": 0.225,
    "integ_sum_rule": 0.0,
    "integ_power_rule": 0.09499999999999993,
    "physics_newton_f_ma": 0.0
  },
  "baseline": 4.2596077488248,
  "baseline_count": 0,
  "baselines": {
    "general": 4.261287553238083,
    "logic": 2.0836512881264015,
    "algebra": 2.654627656225662,
    "arithmetic": 3.10358705253295
  }
}