{
  "alpha": 0.1,
  "eta": 0.01,
  "utilities": {
    "const_fold": 1.9317596787941675,
    "synth_distribution_+_identity": 4.537860477141439,
    "synth_distribution_*_identity": 4.0789945204422935,
    "synth_logic_basics_and_identity": 1.7809331660076984,
    "synth_logic_basics_or_identity": 1.5458191079999994,
    "macro_add_mul_8da76e79": 12.90992278582154,
    "synth_logic_not_involution": 3.244843296580632,
    "multiply_equation_solve": 1.5000001313329627,
    "synth_distribution_*_annihilation": 1.5320449221269552,
    "power_zero_elim": 1.9364530624671397,
    "distributive_expand": 0.2633512350210422,
    "linear_equation_solve": 1.5000000000000027,
    "double_neg": 2.662405652378217,
    "trig_zero": 0.7500000000000013,
    "synth_distribution_neg_involution": 2.8480779090546147,
    "commutativity_canonicalize": 6.289161815686808e-05,
    "integ_linear": 4.058874999999997,
    "synth_distribution_^_identity": 2.156301806610396,
    "algebraic_factor": 3.0489390232104756,
    "synth_distribution_-_identity": 1.641895315082174,
    "combine_like_terms": 3.677122538333329,
    "zero_div": 1.571537439081172,
    "division_self_elim": 3.0999767446569155,
    "concept_subtractive_self": 3.6570027780542858,
    "synth_distribution_/_identity": 2.636756120405854,
    "concept_double_negation_logic": 2.3120215932180104,
    "learned_discovered_^_0_identity": 1.279137678670917,
    "self_subtraction": 2.7253321557274095,
    "macro_add_const_f9f3d713": 5.75072223684567,
    "learned_discovered_+_0_annihilation": 4.525296825465034,
    "learned_discovered_^_0_annihilation": 1.832553556989828,
    "additive_cancellation": 6.780496038981437,
    "learned_discovered_-_1_identity": 1.5049448821767784,
    "learned_discovered_-_10_annihilation": 2.2248377226723064,
    "learned_discovered_+_1_identity": 2.918723430216007,
    "learned_discovered_*_0_identity": 1.9358847134036745,
    "synth_algebra_+_identity": 2.730071331000001,
    "add_zero_elim": 4.395013432307754,
    "synth_arithmetic_+_self_inverse": 4.114493927914336,
    "learned_discovered_-_20_annihilation": 1.9577560529088947,
    "deriv_sin": 3.749941184098391,
    "perfect_square_trinomial": 3.600000000000002,
    "synth_arithmetic_*_self_inverse": 2.218254922849055,
    "synth_logic_or_annihilation": 1.4374276071302954,
    "synth_logic_and_annihilation": 1.266173957912459,
    "deriv_power_rule": 3.882990207556852,
    "bool_idempotent": 3.2850055987370195,
    "bool_or_false": 1.4999325270566293,
    "synth_factoring_+_identity": 2.908672326951691,
    "synth_factoring_*_identity": 3.4648880008612513,
    "concept_contradiction": 3.7222495868032053,
    "synth_algebra_*_identity": 1.5540201000000005,
    "mul_one_elim": 2.7791537832741007,
    "bool_and_true": 0.9308266890000002,
    "power_product": 0.9997302783944089,
    "deriv_linear": 2.191999998571348,
    "learned_identity_law_for_or": 0.4065000000000001,
    "bool_or_true": 0.271,
    "add_assoc_fold": 0.9037300000000001,
    "learned_discovered_+_20_annihilation": 4.641978697069718,
    "cos_zero": 0.9352946617650002,
    "learned_discovered_and_0_annihilation": 2.0871816832741343,
    "learned_additive_identity": 3.6917936067439467,
    "learned_discovered_+_10_annihilation": 4.017554127634002,
    "learned_discovered_*_1_identity": 0.8849999999999999,
    "concept_multiplicative_identity": 3.4017891352468705,
    "concept_additive_identity_commuted": 0.7010000000000001,
    "learned_discovered_or_0_annihilation": 1.7902444285891677,
    "equation_solve": 0.23085000000000006,
    "implies_expansion": 0.0,
    "learned_discovered_neg_self_cancel": 0.20325000000000004,
    "learned_discovered_-_0_annihilation": 2.5904535567720184,
    "synth_factoring_/_identity": 0.22999999999999998,
    "concept_additive_identity": 1.3412100000000002,
    "synth_arithmetic_-_self_inverse": 1.5426160757595793,
    "learned_discovered_+_0_identity": 2.9254645442565215,
    "learned_discovered_neg_0_annihilation": 0.07500000000000001,
    "learned_discovered_/_1_identity": 0.15000000000000002,
    "equation_subtract_const": 1.5000006378757575,
    "quadratic_solve": 1.4999999999999987,
    "learned_discovered_and_1_identity": 0.28500000000000003,
    "learned_discovered_double_not_elimination": 3.1000732479932505,
    "learned_discovered_and_0_identity": 0.7359941850000001,
    "learned_discovered_-_15_identity": 0.4065000000000001,
    "chemistry_ideal_gas_pv_nrt": 0.0,
    "learned_discovered_or_1_identity": 0.28500000000000003,
    "chemistry_stoich_coeff_one": 4.091416361110424,
    "synth_factoring_neg_involution": 0.0,
    "deriv_sum_rule": 0.19764000000000004,
    "deriv_const_zero": 0.13049999999999995,
    "deriv_product_rule": 0.0,
    "deriv_cos": 0.694,
    "deriv_ln": 0.225,
    "integ_sum_rule": 0.0,
    "integ_power_rule": 0.09499999999999993,
    "physics_newton_f_ma": 0.0
  },
  "baseline": 4.288562058740486,
  "baseline_count": 0,
  "baselines": {
    "general": 4.514275851308034,
    "logic": 1.9794687237200814,
    "algebra": 2.654627656225662,
    "arithmetic": 2.9498576999063024
  }
}