{"biology": 1774012277.093971, "chemistry": 1773993119.572195, "computer_science": 1774020965.8089972, "psychology": 1774016749.2583182, "economics": 1774018086.524919}