{
  "importance": {
    "synth_distribution_*_identity": 0.7999999999999994,
    "macro_add_mul_8da76e79": 0.7999999999999994,
    "synth_distribution_neg_involution": 0.7999999999999994,
    "commutativity_canonicalize": 0.7999999999999994,
    "synth_arithmetic_*_self_inverse": 0.7999999999999994,
    "synth_distribution_+_identity": 0.7999999999999994,
    "synth_logic_basics_or_identity": 0.7999999721632185,
    "deriv_power_rule": 0.7999999999999994,
    "synth_logic_not_involution": 0.7999999999635337,
    "synth_logic_and_identity": 0.7999999990441735,
    "synth_logic_or_identity": 0.7999999997300467,
    "synth_factoring_neg_involution": 0.742568160984652,
    "synth_factoring_*_identity": 0.7999999999998124,
    "synth_factoring_+_identity": 0.799999999993243,
    "distributive_expand": 0.7999994681015057,
    "algebraic_factor": 0.7999999999237577,
    "synth_arithmetic_+_self_inverse": 0.7999999999998635,
    "synth_logic_and_annihilation": 0.7999997939316252,
    "additive_cancellation": 0.7943442796078795,
    "concept_subtractive_self": 0.7962892818507299,
    "synth_distribution_-_identity": 0.7483113448861869,
    "synth_distribution_/_identity": 0.7994430411126956,
    "power_zero_elim": 0.7027386763275447,
    "concept_idempotent_or": 0.7799747559600543,
    "self_subtraction": 0.7999999999999006,
    "linear_equation_solve": 0.7999322868017371,
    "bool_or_false": 0.7998584285236578,
    "synth_algebra_*_identity": 0.7999999999988736,
    "perfect_square_trinomial": 0.7999986270770139,
    "concept_multiplicative_identity": 0.7999998145384628,
    "synth_propositional_not_involution": 0.7999555733706201,
    "macro_add_const_f9f3d713": 0.7999999995428315,
    "const_fold": 0.7999999999999994,
    "bool_and_true": 0.7996345792740396,
    "integ_linear": 0.7361868455385021,
    "synth_algebra_+_identity": 0.7999999999945269,
    "bool_idempotent": 0.7999999999999994,
    "multiply_equation_solve": 0.7962892818507299,
    "mul_one_elim": 0.7999999999997427,
    "prob_complement_sum": 0.7660870733798273,
    "deriv_sum_rule": 0.5966507337336802,
    "deriv_linear": 0.798027972236034,
    "deriv_const_zero": 0.635287094324281,
    "synth_logic_basics_and_identity": 0.7999999936318374,
    "synth_propositional_and_identity": 0.45562623200000013,
    "combine_like_terms": 0.7999999998405953,
    "division_self_elim": 0.7990567852337813,
    "add_assoc_fold": 0.7999999817362877,
    "double_neg": 0.7999999999999994,
    "add_zero_elim": 0.7999999999999994,
    "synth_logic_and_self_inverse": 0.7998584285236578,
    "deriv_product_rule": 0.6919318625861608,
    "synth_distribution_*_annihilation": 0.799381156791884,
    "synth_logic_or_annihilation": 0.7991511067104031,
    "cos_zero": 0.5740563708152002,
    "learned_additive_identity": 0.7999763898676557,
    "synth_propositional_and_self_inverse": 0.7752774764938941,
    "concept_additive_identity": 0.7999999690702426,
    "concept_double_negation_logic": 0.7799747559600543,
    "zero_div": 0.7483113448861869,
    "concept_idempotent_and": 0.7881752936468527,
    "power_product": 0.7725305294376601,
    "synth_arithmetic_/_self_inverse": 0.6169856603603121,
    "mul_zero_elim": 0.742568160984652,
    "concept_and_true": 0.7725305294376601,
    "trig_zero": 0.7124648086947902,
    "synth_distribution_^_identity": 0.6919318625861608,
    "synth_factoring_*_annihilation": 0.7027386763275447,
    "synth_algebra_/_identity": 0.5210572479200002,
    "concept_additive_identity_commuted": 0.7999555733706201,
    "synth_propositional_or_identity": 0.27512000000000003,
    "concept_contradiction": 0.6665825464026676,
    "synth_arithmetic_-_self_inverse": 0.7949098516470916,
    "concept_multiplicative_zero": 0.27512000000000003,
    "concept_or_true": 0.5740563708152002,
    "synth_propositional_or_self_inverse": 0.5740563708152002,
    "div_one_elim": 0.327608,
    "deriv_sin": 0.5210572479200002,
    "integ_constant": 0.49006360880000016,
    "learned_double_negation": 0.08000000000000002,
    "synth_factoring_/_identity": 0.7660870733798273,
    "synth_propositional_or_annihilation": 0.742568160984652,
    "synth_arithmetic_*_annihilation": 0.49006360880000016,
    "chain_inference": 0.7999999999955669,
    "or_self": 0.6665825464026676,
    "quadratic_solve": 0.49006360880000016,
    "and_self": 0.7124648086947902,
    "double_neg_remove": 0.6799242917624009,
    "concept_or_false": 0.21680000000000005,
    "fill_unknown": 0.742568160984652,
    "synth_factoring_-_identity": 0.15200000000000002,
    "synth_algebra_*_annihilation": 0.49006360880000016,
    "equation_subtract_const": 0.37484720000000005,
    "deriv_quotient_rule": 0.08000000000000002,
    "chemistry_stoich_coeff_one": 0.5740563708152002,
    "learned_discovered_*_1_identity": 0.15200000000000002,
    "concept_double_negation": 0.37484720000000005,
    "bool_or_true": 0.15200000000000002,
    "learned_discovered_+_1_identity": 0.08000000000000002
  },
  "saved_at": 1774540057.168822
}